{
  "overall_metrics": {
    "accuracy": 0.38030596854126264,
    "precision": 0.35627910320526196,
    "recall": 0.38030596854126264,
    "f1_score": 0.3180455952924188
  },
  "per_class_metrics": {
    "Buy": {
      "precision": 0.2970639032815199,
      "recall": 0.24963715529753266,
      "f1_score": 0.27129337539432175
    },
    "Hold": {
      "precision": 0.4113752633162805,
      "recall": 0.7068252326783868,
      "f1_score": 0.5200684801217424
    },
    "Sell": {
      "precision": 0.3375,
      "recall": 0.040632054176072234,
      "f1_score": 0.0725319006044325
    }
  },
  "confusion_matrix": [
    [
      344,
      1001,
      33
    ],
    [
      494,
      1367,
      73
    ],
    [
      320,
      955,
      54
    ]
  ],
  "auc_scores": {
    "Buy": 0.5024920970355488,
    "Hold": 0.4889754969020147,
    "Sell": 0.501848171412162
  },
  "test_configuration": {
    "sample_size": null,
    "target_coin": null,
    "total_samples": 4641
  }
}